seriesuid,coordX,coordY,coordZ,diameter_mm
1.3.6.1.4.1.14519.5.2.1.6279.6001.100225287222365663678666836900,-56.08,-67.64,-311.72,5.0
1.3.6.1.4.1.14519.5.2.1.6279.6001.100225287222365663678666836900,-56.08,-67.64,-311.72,5.0
1.3.6.1.4.1.14519.5.2.1.6279.6001.100225287222365663678666836901,-108.39,-133.29,-298.19,8.0
