seriesuid,coordX,coordY,coordZ,class
1.3.6.1.4.1.14519.5.2.1.6279.6001.100225287222365663678666836900,-56.08,-67.64,-311.72,1
1.3.6.1.4.1.14519.5.2.1.6279.6001.100225287222365663678666836900,-50.0,-65.0,-310.0,0
1.3.6.1.4.1.14519.5.2.1.6279.6001.100225287222365663678666836900,-45.0,-70.0,-315.0,0
1.3.6.1.4.1.14519.5.2.1.6279.6001.100225287222365663678666836900,-60.0,-68.0,-312.0,1
1.3.6.1.4.1.14519.5.2.1.6279.6001.100225287222365663678666836900,-55.0,-66.0,-309.0,0
